<xml><ViewpointList id="5e07074d-1677-4708-a019-ff877ad8b714" name="viewpoints"><Viewpoint id="e294be33-8115-4e88-918c-6e9b648a57f0" name="tile"><Longitude>116.994530546888</Longitude><Latitude>34.131500501636</Latitude><Altitude>24.516615045286</Altitude><Heading>351.961670552321</Heading><Tilt>33.9256580376985</Tilt><Roll>0</Roll><Range>641.748978417912</Range><Description></Description></Viewpoint><Viewpoint id="76a955bb-805d-44fd-be67-d9ed8f4d6097" name="77"><Longitude>121.658491526106</Longitude><Latitude>31.151412640623</Latitude><Altitude>4.71996110809414</Altitude><Heading>82.4329295912079</Heading><Tilt>5.84015893025384</Tilt><Roll>1.41906323617929E-04</Roll><Range>28.8684575658164</Range><Description></Description></Viewpoint></ViewpointList></xml>
