<Track><Route id="8f9d4a34-20c8-439d-86ce-1abf4afee18f" name="pass"><Pass id="bb9b2892-98b6-4930-9d73-7db89e555de9" name="Station#1" Longitude="121.66171018339224" Latitude="31.151841131132677" Altitude="4.499630182181136" Heading="0" Tilt="0" FlyHeight="20" Speed="7.5" Rate="0.01"></Pass><Pass id="cb1ae137-a3ef-4cb2-9151-a457171294f0" name="Station#2" Longitude="121.66133768753171" Latitude="31.151797102524796" Altitude="4.481944753024436" Heading="0" Tilt="0" FlyHeight="11" Speed="6" Rate="0.01"></Pass><Pass id="62cc8bd7-3f75-42f5-bb15-1f884c5d9335" name="Station#3" Longitude="121.66092433674831" Latitude="31.151742104040615" Altitude="4.457210034161108" Heading="0" Tilt="0" FlyHeight="1" Speed="4" Rate="0.01"></Pass><Pass id="b1cae41d-1da3-4258-bbab-97ea40bfdced" name="Station#5" Longitude="121.66021354034234" Latitude="31.151636871392622" Altitude="4.1768881637835875" Heading="0" Tilt="0" FlyHeight="1" Speed="4"  Rate="0.01"></Pass><Pass id="7ef1f1bd-f929-4833-9692-a45d336ccb33" name="Station#6" Longitude="121.6582998945895" Latitude="31.151369684394335" Altitude="4.292882946174359" Heading="0" Tilt="0" FlyHeight="1" Speed="4"  Rate="0.01"></Pass><Pass id="85c54742-638a-4b0b-b727-c5862af51d6d" name="Station#7" Longitude="121.65595297780901" Latitude="31.15103993707621" Altitude="4.5874034467487945" Heading="0" Tilt="0" FlyHeight="1" Speed="4"  Rate="0.01"></Pass><Pass id="841e7454-2139-4d71-b4c5-1965ca26fa18" name="Station#8" Longitude="121.65413571782967" Latitude="31.150786327148896" Altitude="4.123760145375854" Heading="0" Tilt="0" FlyHeight="1" Speed="4"  Rate="0.01"></Pass><Pass id="84784123-04ea-4ac2-9085-902fded87674" name="Station#9" Longitude="121.65293551030815" Latitude="31.150610986414527" Altitude="4.112067755158932" Heading="0" Tilt="0" FlyHeight="1" Speed="4"  Rate="0.01"></Pass><Pass id="ad8642ba-aab0-4f20-80d3-7bfa9badc6eb" name="Station#10" Longitude="121.652346899385" Latitude="31.150519754904092" Altitude="4.082898554770509" Heading="0" Tilt="0" FlyHeight="1" Speed="4"  Rate="0.01"></Pass><Pass id="c4cf4ab9-2bbe-44de-8e08-ff060a11abe4" name="Station#11" Longitude="121.65190845146996" Latitude="31.150414068848246" Altitude="4.105333181541937" Heading="0" Tilt="0" FlyHeight="1" Speed="4"  Rate="0.01"></Pass><Pass id="3339becb-1529-43ee-a4ad-67b26587e2a3" name="Station#12" Longitude="121.6514370349299" Latitude="31.15023934689394" Altitude="4.092189526090806" Heading="0" Tilt="0" FlyHeight="1" Speed="4"  Rate="0.01"></Pass></Route></Track>